"0","reduced_mod <- glm(TenYearCHD ~ male + age, "
"0","                   family = binomial, "
"0","                   data = FramTrain) "
"0","full_mod <- glm(TenYearCHD ~ ., "
"0","            family = binomial,"
"0","            data = FramTrain)"
"0"," "
"0","#In the full_mod code, TenYearCHD ~ . means that we include all variables in the dataset (other than TenYearCHD) as predictors (X's)"
"0","stats::step(reduced_mod, "
"0","            scope = list(lower=reduced_mod, upper=full_mod), "
"0","            data = FramTrain, "
"0","            direction = 'forward')"
"1","Start:  AIC="
"1",""
"1","2603.25"
"1",""
"1","
"
"1",""
"1","TenYearCHD ~ male + age"
"1",""
"1","

"
"1","                 "
"1"," Df"
"1"," Deviance"
"1","    AIC"
"1","
+ sysBP          "
"1","  1"
"1","   2524.9"
"1"," 2532.9"
"1","
+ prevalentHyp   "
"1","  1"
"1","   2544.2"
"1"," 2552.2"
"1","
+ diaBP          "
"1","  1"
"1","   2555.8"
"1"," 2563.8"
"1","
+ glucose        "
"1","  1"
"1","   2577.1"
"1"," 2585.1"
"1","
+ cigsPerDay     "
"1","  1"
"1","   2579.2"
"1"," 2587.2"
"1","
+ diabetes       "
"1","  1"
"1","   2582.4"
"1"," 2590.4"
"1","
+ BPMeds         "
"1","  1"
"1","   2584.3"
"1"," 2592.3"
"1","
+ totChol        "
"1","  1"
"1","   2584.6"
"1"," 2592.6"
"1","
+ prevalentStroke"
"1","  1"
"1","   2585.7"
"1"," 2593.7"
"1","
+ BMI            "
"1","  1"
"1","   2586.9"
"1"," 2594.9"
"1","
+ currentSmoker  "
"1","  1"
"1","   2591.8"
"1"," 2599.8"
"1","
+ heartRate      "
"1","  1"
"1","   2593.3"
"1"," 2601.3"
"1","
<none>           "
"1","   "
"1","   2597.2"
"1"," 2603.2"
"1","
+ education      "
"1","  1"
"1","   2596.3"
"1"," 2604.3"
"1","
"
"1","
Step:  AIC="
"1",""
"1","2532.92"
"1",""
"1","
"
"1",""
"1","TenYearCHD ~ male + age + sysBP"
"1",""
"1","

"
"1","                 "
"1"," Df"
"1"," Deviance"
"1","    AIC"
"1","
+ cigsPerDay     "
"1","  1"
"1","   2506.0"
"1"," 2516.0"
"1","
+ glucose        "
"1","  1"
"1","   2512.1"
"1"," 2522.1"
"1","
+ prevalentStroke"
"1","  1"
"1","   2515.4"
"1"," 2525.4"
"1","
+ diabetes       "
"1","  1"
"1","   2515.7"
"1"," 2525.7"
"1","
+ totChol        "
"1","  1"
"1","   2517.3"
"1"," 2527.3"
"1","
+ currentSmoker  "
"1","  1"
"1","   2517.4"
"1"," 2527.4"
"1","
+ prevalentHyp   "
"1","  1"
"1","   2520.0"
"1"," 2530.0"
"1","
<none>           "
"1","   "
"1","   2524.9"
"1"," 2532.9"
"1","
+ BPMeds         "
"1","  1"
"1","   2522.9"
"1"," 2532.9"
"1","
+ BMI            "
"1","  1"
"1","   2524.1"
"1"," 2534.1"
"1","
+ heartRate      "
"1","  1"
"1","   2524.8"
"1"," 2534.8"
"1","
+ education      "
"1","  1"
"1","   2524.8"
"1"," 2534.8"
"1","
+ diaBP          "
"1","  1"
"1","   2524.8"
"1"," 2534.8"
"1","
"
"1","
Step:  AIC="
"1",""
"1","2516.04"
"1",""
"1","
"
"1",""
"1","TenYearCHD ~ male + age + sysBP + cigsPerDay"
"1",""
"1","

"
"1","                 "
"1"," Df"
"1"," Deviance"
"1","    AIC"
"1","
+ glucose        "
"1","  1"
"1","   2491.9"
"1"," 2503.9"
"1","
+ diabetes       "
"1","  1"
"1","   2495.7"
"1"," 2507.7"
"1","
+ prevalentStroke"
"1","  1"
"1","   2496.0"
"1"," 2508.0"
"1","
+ totChol        "
"1","  1"
"1","   2499.4"
"1"," 2511.4"
"1","
+ prevalentHyp   "
"1","  1"
"1","   2500.8"
"1"," 2512.8"
"1","
+ BPMeds         "
"1","  1"
"1","   2503.8"
"1"," 2515.8"
"1","
<none>           "
"1","   "
"1","   2506.0"
"1"," 2516.0"
"1","
+ BMI            "
"1","  1"
"1","   2504.4"
"1"," 2516.4"
"1","
+ currentSmoker  "
"1","  1"
"1","   2505.5"
"1"," 2517.5"
"1","
+ heartRate      "
"1","  1"
"1","   2506.0"
"1"," 2518.0"
"1","
+ education      "
"1","  1"
"1","   2506.0"
"1"," 2518.0"
"1","
+ diaBP          "
"1","  1"
"1","   2506.0"
"1"," 2518.0"
"1","
"
"1","
Step:  AIC="
"1",""
"1","2503.86"
"1",""
"1","
"
"1",""
"1","TenYearCHD ~ male + age + sysBP + cigsPerDay + glucose"
"1",""
"1","

"
"1","                 "
"1"," Df"
"1"," Deviance"
"1","    AIC"
"1","
+ prevalentStroke"
"1","  1"
"1","   2482.0"
"1"," 2496.0"
"1","
+ totChol        "
"1","  1"
"1","   2485.8"
"1"," 2499.8"
"1","
+ prevalentHyp   "
"1","  1"
"1","   2486.3"
"1"," 2500.3"
"1","
+ BPMeds         "
"1","  1"
"1","   2489.8"
"1"," 2503.8"
"1","
<none>           "
"1","   "
"1","   2491.9"
"1"," 2503.9"
"1","
+ BMI            "
"1","  1"
"1","   2490.6"
"1"," 2504.6"
"1","
+ diabetes       "
"1","  1"
"1","   2490.7"
"1"," 2504.7"
"1","
+ currentSmoker  "
"1","  1"
"1","   2491.4"
"1"," 2505.4"
"1","
+ heartRate      "
"1","  1"
"1","   2491.6"
"1"," 2505.6"
"1","
+ diaBP          "
"1","  1"
"1","   2491.8"
"1"," 2505.8"
"1","
+ education      "
"1","  1"
"1","   2491.8"
"1"," 2505.8"
"1","
"
"1","
Step:  AIC="
"1",""
"1","2496"
"1",""
"1","
"
"1",""
"1","TenYearCHD ~ male + age + sysBP + cigsPerDay + glucose + prevalentStroke"
"1",""
"1","

"
"1","               "
"1"," Df"
"1"," Deviance"
"1","    AIC"
"1","
+ totChol      "
"1","  1"
"1","   2475.6"
"1"," 2491.6"
"1","
+ prevalentHyp "
"1","  1"
"1","   2477.1"
"1"," 2493.1"
"1","
<none>         "
"1","   "
"1","   2482.0"
"1"," 2496.0"
"1","
+ BPMeds       "
"1","  1"
"1","   2480.6"
"1"," 2496.6"
"1","
+ BMI          "
"1","  1"
"1","   2480.7"
"1"," 2496.7"
"1","
+ diabetes     "
"1","  1"
"1","   2480.8"
"1"," 2496.8"
"1","
+ currentSmoker"
"1","  1"
"1","   2481.6"
"1"," 2497.6"
"1","
+ heartRate    "
"1","  1"
"1","   2481.8"
"1"," 2497.8"
"1","
+ diaBP        "
"1","  1"
"1","   2482.0"
"1"," 2498.0"
"1","
+ education    "
"1","  1"
"1","   2482.0"
"1"," 2498.0"
"1","
"
"1","
Step:  AIC="
"1",""
"1","2491.59"
"1",""
"1","
"
"1",""
"1","TenYearCHD ~ male + age + sysBP + cigsPerDay + glucose + prevalentStroke + "
"1",""
"1","
    totChol"
"1",""
"1","

"
"1","               "
"1"," Df"
"1"," Deviance"
"1","    AIC"
"1","
+ prevalentHyp "
"1","  1"
"1","   2471.0"
"1"," 2489.0"
"1","
<none>         "
"1","   "
"1","   2475.6"
"1"," 2491.6"
"1","
+ diabetes     "
"1","  1"
"1","   2474.3"
"1"," 2492.3"
"1","
+ BPMeds       "
"1","  1"
"1","   2474.4"
"1"," 2492.4"
"1","
+ BMI          "
"1","  1"
"1","   2474.4"
"1"," 2492.4"
"1","
+ currentSmoker"
"1","  1"
"1","   2475.2"
"1"," 2493.2"
"1","
+ heartRate    "
"1","  1"
"1","   2475.3"
"1"," 2493.3"
"1","
+ education    "
"1","  1"
"1","   2475.6"
"1"," 2493.6"
"1","
+ diaBP        "
"1","  1"
"1","   2475.6"
"1"," 2493.6"
"1","
"
"1","
Step:  AIC="
"1",""
"1","2489"
"1",""
"1","
"
"1",""
"1","TenYearCHD ~ male + age + sysBP + cigsPerDay + glucose + prevalentStroke + "
"1",""
"1","
    totChol + prevalentHyp"
"1",""
"1","

"
"1","               "
"1"," Df"
"1"," Deviance"
"1","    AIC"
"1","
<none>         "
"1","   "
"1","   2471.0"
"1"," 2489.0"
"1","
+ diabetes     "
"1","  1"
"1","   2469.8"
"1"," 2489.8"
"1","
+ BPMeds       "
"1","  1"
"1","   2470.1"
"1"," 2490.1"
"1","
+ BMI          "
"1","  1"
"1","   2470.2"
"1"," 2490.2"
"1","
+ heartRate    "
"1","  1"
"1","   2470.6"
"1"," 2490.6"
"1","
+ currentSmoker"
"1","  1"
"1","   2470.7"
"1"," 2490.7"
"1","
+ diaBP        "
"1","  1"
"1","   2470.9"
"1"," 2490.9"
"1","
+ education    "
"1","  1"
"1","   2471.0"
"1"," 2491.0"
"1","
"
"1","
Call:  "
"1",""
"1","glm(formula = TenYearCHD ~ male + age + sysBP + cigsPerDay + 
    glucose + prevalentStroke + totChol + prevalentHyp, family = binomial, 
    data = FramTrain)"
"1",""
"1","

"
"1","Coefficients"
"1",":
"
"1","    (Intercept)  "
"1","           male  "
"1","            age  "
"1","          sysBP  "
"1","     cigsPerDay  "
"1","        glucose  "
"1","
"
"1","      -8.719419  "
"1","       0.611685  "
"1","       0.064005  "
"1","       0.013271  "
"1","       0.020000  "
"1","       0.006695  "
"1","
"
"1","prevalentStroke  "
"1","        totChol  "
"1","   prevalentHyp  "
"1","
"
"1","       1.576517  "
"1","       0.002897  "
"1","       0.306560  "
"1","
"
"1","
Degrees of Freedom:"
"1"," "
"1","3305"
"1"," "
"1","Total (i.e. Null); "
"1"," "
"1","3297"
"1"," "
"1","Residual
"
"1","Null Deviance:	   "
"1"," "
"1","2819"
"1"," "
"1","
Residual Deviance:"
"1"," "
"1","2471"
"1"," "
"1","	AIC:"
"1"," "
"1","2489"
"1","
"
